artist,track_name,song_key,genius_url,lyrics,status,error,updated_at
Bladee,Be Nice 2 Me,bladee::be nice 2 me,https://genius.com/search?q=Bladee%20Be%20Nice%202%20Me%20lyrics,"Drain gang forever
So guess what!
What? I don't know
Take a knife and drain your life

If it's a depot, gotta bite it
If I see weed I gotta light it
If I get feelings, gotta hide it
If it's illegal I don't mind it
I broke my wrist, I gotta ice it
I wanna see you be my sidekick
If I post pics, you gotta like it
If you do this then you're the nicest

To be honest, if it's wrong, I don't want to be right
I don't wanna talk if you're not gonna talk to me nice
To be honest, if it's wrong, I don't want to be right
I don't wanna talk if you're not gonna talk to me nice
Talk to me nice, talk to me nice
I don't wanna talk if you're not gonna talk to me nice
Talk to me nice, talk to me nice
I don't wanna talk if you're not gonna talk to me nice

Two strike is nothing, I three strike it
Can't name the feeling, man, that I get
All this shit, I'm goin' through a crisis
If you do this for me, you're the nicest
You're the nicest, my sleeve pull surprises
How many times I prayed? I pray three, I'm not anxious
Gotta play the game, and it's free, but not painless
I slide d&g, silver link, fuck a razor

Oh oh, oh oh, oh oh oh oh (be nice to me)
Oh oh, oh oh, oh oh oh oh (be nice to me)
Oh oh, oh oh, oh oh oh oh (be nice to me)
Oh oh oh oh oh oh, oh oh (be nice to me)

Drain gang!",ok_ovh_fallback,genius_unavailable: No confident Genius match,2026-03-15T22:40:30Z
Destroy Lonely,If Looks Could Kill,destroy lonely::if looks could kill,https://genius.com/search?q=Destroy%20Lonely%20If%20Looks%20Could%20Kill%20lyrics,"If looks could kill

Baby, I'm the fashion demon
Ridin' down Candler Road, and I'm speedin'
I got hella hoes tryna fuck me and my bros (My bros)
I got hella shows lined up, I'm on the road (On the road)
I get hella green, yeah, I get hella 'chos (Hella 'chos)
These niggas green as fuck, I'm 'bout to get over
No, bitch, I'm not greenin' out, you could not get over (Can't get over)
I just like to ball hard, ball like Dellavedova (Dellavedova)
Don't shop at Dover's (Nah)
Don't shop at Neiman's (Nah)
Don't commit treason (Nah)
Everything I do is for a reason
Everything I do is so strategic (Huh)
Baby, please don't leave me (Baby, plеase don’t leave mе)
I don't need you, and I know that you don't need me
I done got this fly, so, I'm on a date with the moon this evenin'
She act cool, but I know she evil, so deceivin' (So deceivin')
If looks could kill, that makes every day Halloween, man (It's Halloween)

I get bitches, I don't need no wingman (No wingman)
I get racks and I don't sell no weed, man (Not right now)
I smoke dope by the pound, yeah, for real
Huh, I'm on the top of the mountain, king of the hill (Top floor)
Uh, I don't like no swisher, I like Grabba Leaf, lil' nigga (Grabba, grabba, grabba)
Real deal codeine sipper, walk 'round with a purple liver (Purple)
Uh, I'm a fashion killer, I'm the shit, pop a band (Pop a band)
I'm a real big baller, but won't let no lil' bitch play with me (Won’t let no lil bitch play with me)
I'm a pussy killer, after I hit it, might let her lay with me (Grabba, grabba)
She a fashion killer, check out how she walkin', yeah, look, she slayin' it (Huh)
My boy got a trigger finger, he ready to pull it so please don't play with him (Grrah)
I smoke 'til my lungs black, lil' bitch, I take that lil' blunt and I face that shit (Huh, face it)
I look at my demons and face 'em (Face 'em)
Take the Chrome Heart Timbs and I lace 'em (Uh)
I'm walkin' through hell, I got an FN loaded up with a laser (Rah)
My bitch rockin' Chanel, I put on Balenciaga for all of my haters
I gotta go, bitch, l'Il see you later (Go)
I'm the dark lord, real soul taker (Huh)
I'm the Top Floor Boss, a lil' player (Boss)
I put on big pants, real deal raver (Real raver)
(Raver)

Baby, I'm the fashion demon
Ridin' down Candler Road, and I'm speedin' (Speedin')
I got hella hoes tryna fuck me and my bros (My bros)
I got hella shows lined up, I'm on the road (On the road)
I get hella green, yeah, I get hella 'chos (Hella 'chos)
These niggas green as fuck, I'm 'bout to get over
No, bitch, I'm not greenin' out, you could not get over (Can't get over)
I just like to ball hard, ball like Dellavedova (Like Dellavedova)
Don't shop at Dover's (Nah)
Don't shop at Neiman's (Nah)
Don't commit treason (Nah)
Everything I do is for a reason
Everything I do is so strategic (Huh)
Baby, please don't leave me (Baby, please don’t leave me)
I don't need you, and I know that you don't need me
I done got this fly, so, I'm on a date with the moon this evenin'
She act cool, but I know she evil, so deceivin'
If looks could kill, that makes every day Halloween, man (It's Halloween)

(Ayy, Clayco, cook that motherfucker up)",ok_ovh_fallback,genius_unavailable: No confident Genius match,2026-03-15T22:39:53Z
Destroy Lonely,NOSTYLIST,destroy lonely::nostylist,https://genius.com/search?q=Destroy%20Lonely%20NOSTYLIST%20lyrics,"Bitch, I wake up, no stylist
Fresh as fuck, I put it on, no help, I did this shit
Got this fine ho, no makeup, and she still look bad as shit
She in school, but it's cool, yeah, I still might bag this bitch
Diamonds flooded like a pool, yeah, my necklace wet as shit

Rock Balenciaga too, bitch, I'm flyer than a pigeon
Yeah, I stack my paper up way taller than a midget
All these niggas lame as fuck, and they hate 'cause they don't get it

Yeah, lil' bitch, I'm cool as fuck, and it's paper that I'm gettin'

Fly across the globe, bitch, I'm gettin' shows, yeah, I'm on a money mission
All that old shit over, but the old hoes still be tellin' me they miss me
Yeah, I fuck on her, but I can't cuff her, I won't make her Mrs
I don't know that boy, and I can't tell you how he end up missin'
I can't tell you shit
Bust down my neck, bust down my wrist
Bust down my bitch, bust down my bitch
I'm fresh as hell, bitch, I'm fly as shit
Yeah, this a Hellcat, I'm whippin' this
Shawty like, ""Hell yeah,"" she with the shits
Shawty like, ""Hell yeah,"" she grab my stick

Shawty like, ""Hell yeah,"" she grabbed my (Shh)

Bitch, I wake up, no stylist
Fresh as fuck, I put it on, no help, I did this shit
Got this fine ho, no makeup, and she still look bad as shit
She in school, but it's cool, yeah, I still might bag this bitch
Diamonds flooded like a pool, yeah, my necklace wet as shit

Tell that bitch to keep it bool, and I might just let her kick it
Got her wet just like a pool, I'm finna dive right in her kitty
My bitch rockin' this shit too, I buy her that, she buy me this

Told my folks I'm gettin' rich, it ain't no way I'm washin' dishes
All the pretty hoes comin' to my shows, man, this shit get crazy
If I fuck that bitch I gotta wrap it, I don't want no baby
I'm in the SRT, Trackhawk, tryna let my thot drive the Mercedes
Yeah, my side, nigga, you play with this shit, you might just die today
Yeah, don't play, nigga, don't play
Niggas say they insane, but I'm really insane
Yeah, nigga stay in your lane, 'cause mine might drive you crazy
Yeah, I just fucked that bitch, I didn't know that was your bae
Yeah, I just count this cash, it ain't too much to say

Yeah, I just get too fly, like, what more can I say?
Yeah, she doin' tricks on the dick, that ho Cirque du Soleil
Yeah, I'm in Milan, shawty, eatin' squid, my bitch servin' face

Bitch, I wake up, no stylist
Fresh as fuck, I put it on, no help, I did this shit
Got this fine ho, no makeup, and she still look bad as shit
She in school, but it's cool, yeah, I still might bag this bitch
Diamonds flooded like a pool, yeah, my necklace wet as shit

Rock Balenciaga too, bitch, I'm flyer than a pigeon

Yeah, I stack my paper up way taller than a midget
All these niggas lame as fuck, and they hate 'cause they don't get it
Yeah, lil' bitch, I'm cool as fuck, and it's paper that I'm gettin'",ok_ovh_fallback,genius_unavailable: No confident Genius match,2026-03-15T22:39:57Z
Ken Carson,Fighting My Demons,ken carson::fighting my demons,https://genius.com/search?q=Ken%20Carson%20Fighting%20My%20Demons%20lyrics,"Where the fuck my blunt?
Where the fuck my cup?
Where the fuck my reefer?

Huh, huh, huh, huh, huh, huh
I'm smokin' on kush
Huh, huh, huh, huh, huh, huh
I'm smokin' on kush
Huh, huh, huh, huh, huh, huh
You know I'm a chiefer
Huh, huh, huh, huh, huh, huh
You know I'm a chiefer
I'm flyin' just like a eagle
Bitch cryin', I don't need her
45, long heater
Hellcat big, two-seater
This bitch said she was hungry, this dick what I feed her
I'm on the block servin' entrees, yeah, three-fives a reefer
Yeah, yeah, you know I'ma keep 'em
Huh, huh, and I be chiefin'
All these hoes some eaters, huh, huh, they be eatin'
Cut the lights off, we gon' pull up creepin'
We got four sticks, we four deep, in the four-door Jeep
My boy trigger finger itchin', leave your brains on the seat
My trigger finger itchin', I feel like D-Wade with the Heat
Made him do the runnin' man, we sent some runnin' shots at his feet
I pop X, I pop X, yeah, yeah, I'm geeked
She pop X, she pop X, yeah, yeah, she sleep
Cullinan Rolls-Royce, I'm 'bout to pull up to a meet
Let's play Russian roulette, bitch, who gon' die first? You or me?

You or me?
(Let's play Russian roulette, bitch, who gon' die first? You or me?)
You or me?
You or me?
(Let's play Russian roulette, bitch, who gon' die first, you or me?)
Yeah

(Star made the beat, I just took it out the oven)
Yeah

I been fighting my demons, huh
I been fighting my—, yeah
I been fighting my demons, huh
I been fighting my—, yeah
I been fighting my demons, huh
I been fighting my—, huh
I been fighting my demons, huh
I been fighting my—, huh, huh
I been fighting my demons, yeah
I been fighting my—, huh, huh
I been fighting my demons, yeah
I been fighting my—, yeah
I been fighting my demons, yeah
I been fighting my—, huh
I been fighting my demons, huh-yeah",ok_ovh_fallback,genius_unavailable: No confident Genius match,2026-03-15T22:39:48Z
Ken Carson,Jennifer's Body,ken carson::jennifers body,https://genius.com/search?q=Ken%20Carson%20Jennifer%27s%20Body%20lyrics,"Fuck

Two things I ain't ever seen
A nigga that beat a gun and a bitch I need
If I go broke, I'm takin' your funds, yeah, bitch, I need it
Gave you the whole book on how to get rich and you ain't even read it
Jennifer's Body, my bitch is a hottie, my bitch is a boy eater
She don't even want no food, this dick the only thing I feed her
This bitch a thot, ain't no way, huh, I'ma keep her
I made a hunnid K in a hunnid ways, 'cause that's what I keep it
Keep it a hunnid

I go dumb 'bout my money
And my trap jump like bungee
Flew her out to the Saint, I ain't talkin' Laurent
This ain't no facade, baby girl, I don't do no stunts
You know I came far, huh, huh, I ain't have nothin'
I ain't had shit lil' bitch, my pockets had lint and dust
Now I put that shit on every day, bitch, it's a must
He ain't puttin' shit on, he just wanna dress like us
That's why I'm fuckin' on his ho, I'm makin' her cuss
I'm all in that bitch throat, huh, I'm 'bout to bust
These niggas, huh, gettin' old, these niggas get rusty
I was on the south side of Atlanta with Lil 88, that's my cousin
They ask me why I'm clutchin', 'cause them niggas over there muggin'
Diamonds on my teeth, lil' bitch, I ain't smilin' for nothin'
VV-VV-VV's on my body and I know they bustin'
CC, BB, GG on her body, uh, that's my slut
Two things I ain't ever seen, a nigga that won’t die and a bitch that I ain't gon' fuck

Two things I ain't ever seen
A nigga that beat a gun and a bitch I need
If I go broke, I'm takin' your funds, yeah, bitch, I need it
Gave you the whole book on how to get rich and you ain't even read it
Jennifer's Body, my bitch is a hottie, my bitch is a boy eater
She don't even want no food, this dick the only thing I feed her
This bitch a thot, ain't no way, huh, I'ma keep her
I made a hundred K in a hundred ways, 'cause that's what I keep it
Keep it a hunnid",ok_ovh_fallback,genius_unavailable: No confident Genius match,2026-03-15T22:39:37Z
Ken Carson,Yale,ken carson::yale,https://genius.com/search?q=Ken%20Carson%20Yale%20lyrics,"Uh, i keep your ho upstairs
When she wanna fuck, i just tell her: Ring the bell
Hit her from the back, she can't do nothing but yell
And she smart as fuck, i got this bitch straight out of yale
Yale, yale, yale, yale

And you know i'm high as fuck, my eyes just red, but they was just pale
If it's up, then nigga, it's stuck, don't come outside, not even for air
Got a glocky on my hip, and i'll blow this bitch just like a ref'
Yale, yale, yale, yale

Niggas thinking this shit sweet 'til one of they partners disappear
Give a fuck 'bout your mama crying, give a fuck 'bout that lil' bitch shedding tears
Gotta keep the fire by your side because the opps is always near
Yale, yale, yale, yale

Double cup, ho, i sip lean, know all these old niggas sip beer
All i do is just lead and all these lil' niggas just cheer
20/20 my vision, but i swear this shit ain't been clear
Yale, yale, yale, yale

Yale, yale, yale, yale
Yale, yale, yale, yale
Yale, yale, yale, yale
Yale",ok_ovh_fallback,genius_unavailable: No confident Genius match,2026-03-15T22:39:43Z
Lucki,Sunset,lucki::sunset,https://genius.com/search?q=Lucki%20Sunset%20lyrics,"Woah, yeah, ayy, uh
Can't sip Sprite with the Hi-Tech, ayy
Can't sip Sprite with the Hi-Tech
Ayy, woah, huh
Ayy, ayy, ayy, ayy
Must be a X on my chest
Ayy, woah, ayy, woah
Ayy, ayy, ayy, woah

Can't sip Sprite with the Hi-Tech, ayy
That shit too pure to digest, ayy
Must be a X on my chest, ayy
This pure X loosen my chest, ayy
I should've died but not yet, ayy
I ain't even finished my project, ayy
Shoulder to cry, I'm not it, ayy
I don't even think I'm high yet
Ayy, woah, ayy, woah, ayy
Must be a X on my chest, ayy
Too much X lock my chest, ayy
LA ho take my breath, ayy
Leave with her, fake my death
No seal, no deal my motto
No high, no thrill, it's all gone
Xan' flights, I'm switchin' timezone
Do drugs, don't know what I know
Must be a X on my chest, ayy
I don't even greet no dumb bitch
Look easy to me, too fun bitch
That's easy to me, I done this
'Tech bleed in the cream, no Sunkist
Must be a X on my chest, ayy
Must be a X on my chest, ayy
Must be a X on my chest, ayy
Do you see a X on my chest? Ayy
Let's die now, fuck a sunset, ayy
Let's die now, fuck a sunset
Ayy, woah, uh, ayy, woah
Must be a X on my chest, ayy
Do you see a X on my chest? Ayy
Let's die now, fuck a sunset
Ayy, woah, woah, ayy
Let's die now, fuck a sunset, ayy
Let's die now, fuck a sunset, ayy
Let's die now, fuck a sunset
Ayy, woah, ayy, woah, ayy
Must be a X on my chest, ayy
Must be a X on my chest

Ayy, woah, woah
Woah, ayy, uh, woah, woah
Woah, huh, ayy",ok_ovh_fallback,genius_unavailable: No confident Genius match,2026-03-15T22:40:24Z
Playboi Carti,2024,playboi carti::2024,https://genius.com/search?q=Playboi%20Carti%202024%20lyrics,"Yeah, yeah, you came back and you failed, uh
Second place, can't be in my face, oh, nah
Thick pockets, they think I'm rockin' Chanel
Fat wallet, lil' bitch, you know I got here
Out of pocket with your bitch, Chanel
Done grew me some horns, baby, I'm from hell
Southside, I was in Riverdale
Off molly, that two-tone pill
Rich nigga with all these fuckin' girls
He next, I put him on the mural
She's next, I told her she my girl
Oh, you like that? (Oh, you like that? Oh, you like that?)
Ahahahaha (Oh, you like that?), yeah (Oh, you like that?)
(Oh, you like that? Oh, you like that?)

Oh

Uh, put 'em on the news or somethin' (Schyeah)
Put 'em on the news (Ha, sa)
Put 'em on the news or somethin' (Schyeah)
Put 'em on the news (Sa, sa), yeah
Put 'em on the news or somethin' (Schyeah)
Put 'em on the news, yeah (Sa)
Put 'em on the news or somethin' (Schyeah)
Put 'em on the news, yeah (Ah)
Put 'em on the news or somethin' (Wassup)
Put 'em on the news ('Sup)
Put 'em on the news or somethin' (Wassup)
Put 'em on the news ('Sup)
Put 'em on the news or somethin' (Wassup)
Put 'em on the news (Let's go)

2024, Music

Oh, oh (Hm)

Put 'em on the news or somethin'
I'm evil like Luci' son
A whole lotta bitches be hatin' on me 'cause I got all the buns
Had to fall back with my last bitch 'cause she was just playin' with my lil' time
I'm travelin' the world like the Pope, bringin' the presidents right to my son
Shawty, you gotta be cancer, you make me feel some type way
And no, I can't be canceled 'cause you feel some type way, uh, uh
I'm in the lane, ándale, ándale, ándale
Uh, I'ma keep killin' these hoes, I'm fuckin' on Bombay
Pink in my cup like a brain, sippin' on zombie

Bust the ho, do my braids, then I go hungry
I'm cookin' up like Montay, bitches on me (DJ Montay)
I told her, ""The glove don't fit,"" I'm feelin' like O.J., ooh
The racks in my pocket and I link with Oji
Ooh, two fours in the Sprite, got me feelin' like Kobe, R.I.P., uh
All my boys, they strapped up, don't try shit
Walk inside the party, bitch, we all narcissists
Haha, oh, you like that? Yeah (Whatchu say, Guap?)
Uh, oh, you like that? Yeah, ah, ah
(Oh, you like that?) Oh

Uh, put 'em on the news or somethin'
Put 'em on the news, ha
Put 'em on the news or somethin', woah

Put 'em on the news, ha
Put 'em on the news or somethin', woah
Put 'em on the news, ha
Put 'em on the news or somethin', woah
Put 'em on the news, ha
Put 'em on the news or somethin', hol' up
Put 'em on the news, gang, ha
Put 'em on the news, ha
Put 'em on the news, ha
Put 'em on the news, ha

Oh, hahaha, schyeah",ok_ovh_fallback,genius_unavailable: No confident Genius match,2026-03-15T22:39:05Z
Playboi Carti,Magnolia,playboi carti::magnolia,https://genius.com/search?q=Playboi%20Carti%20Magnolia%20lyrics,"Yo, Pi'erre, you wanna come out here?

In New York I Milly Rock (rock)
Hide it in my sock (sock)
Running from the opp (opp)
And I shoot at opp (opp) uh, uh (what?)
And I'm on the block (what?) Uh, uh (what? What?)

And I'm on the block (what?)
In New York I Milly Rock (hello?)
Hide it in my sock (what?)
Hide it in my sock (what?)
Selling that rerock (what? Woah, what? What? Uh, what? What?)
In New York I Milly Rock (ooh)

Hide it in my sock (woah)
Used to sell rerock (what?)
Runnin' from the cops (woah)
Shootin' at these opps (woah)
Yo, Pi'erre, you wanna come out here? (Woah)
Shooting at these opps (what?)
'Cause I run they block (what?) Uh
Give me top (top) uh, in my drop-top
All these hoes gon' flock (flock, flock)
When I drop, yeah (drop, drop)
All these hoes gon' flock (flock, flock)
When I drop, yeah (drop, drop)
All these hoes gon' flock (flock, flock)
When I drop, uh (drop, drop)
Woo, woo, woo, woo (bih)
Woo, woo (bih) woo, woo (bih)
All these hoes want cash (cash)
All these hoes want bags, uh
Fucking on your bitch (bih) uh
I'm her dad (yeah) uh
All these niggas sound like cats, sound like cats (blah)
I'm a soldier, ooh (what?)
Damn, I thought I told you, ooh (what?)
Shootin' like a soldier, ooh (bih)
Like I'm from Magnolia, ooh (what?)
All these niggas (what? What?) always fold (what? What?)
Big bank (what? What?) never fold (What?)
I'm sippin' Act' (what?) fill that shit slowly (hello?)
Bitches on me (what? Bih) say she like my clothing (yeah)
I'm in London (what?) Yung Carti global (what?)
Designer is on me (phew) call it dirty laundry (phew)
All these bitches want Yung Carti (what?) Yung Carti (yeah)
Ayy, Yung Carti, Yung Carti, what? (Hop in the bit', hop in the bit')
Yung Carti, Yung Carti (what? What? Hold on) yeah

All of your bitches, they loose, hold on
All of your bitches, they loose, hold on (yeah)
All of my bitches, they rich, hold on
And they stay rockin' that Rick, hold on
Uh, what? What? Hold on, what? What? Uh (yeah)
Rich, rich (rich)
Cash Carti, bitch (bitch)
Rich, bitch (hold on)
Got a rich clique (hold on)
I'm suckin' on the clit (hold on)
She suckin' on the dick (yeah)
Give that hoe a tip (yeah)
Told her: Buy some kicks (kicks)
Ooh, then I brush my teeth (what?)
Hop up in the whip
Glocky in the whip (skrrt)
Glocky in the whip (yeah)

And I'm cocky, fuckin' on a thotty
She just wanna plot me, bitch can't stop me (stop me)
I'm ridin' in a Masi (what? Masi)
This ain't even my Masi (nah)
Hope that's not your thotty (what?)
Your bitch look like a auntie (what?)
Walked in with Ashanti (what?)
Damn, that look like 'Shanti (what?)
Damn, that look like Carti (yeah-yeah)

I think that be Yung Carti
Heard he spent a hundred on a fucking watch piece, that's filthy (phew, what? Woah, woah)
In New York I Milly Rock (what?)
Hide it in my sock (what? What?)
Running from an opp (what? What?)
And I shoot at opp (what? What?) uh, uh (phew)
And I'm on the block (phew) uh, uh (hello?)
And I'm on the block (what?)
In New York I Milly Rock (what?)
Hide it in my sock (what?)
Hide it in my sock (sock)
Selling that rerock (rerock)
What? What? (What?)
What? Uh, what?
In New York I Milly Rock (what?)
Hide it in my sock (what?)
Use to sell rerock, uh
Runnin' from the cops, uh
Shootin' at these opps
You know what I'm sayin'?
Yo (yeah) Pi'erre, you wanna come out here?
Bitch ass nigga, fuck that nigga, man",ok_ovh_fallback,genius_unavailable: No confident Genius match,2026-03-15T22:39:19Z
Playboi Carti,R.I.P.,playboi carti::rip,https://genius.com/search?q=Playboi%20Carti%20R.I.P.%20lyrics,"Yeah

I'ma go fuck that bitch (Yeah), I'ma go thrash that bitch (Yeah)
Shawty gon' suck this dick (Yeah), shawty gon' suck this dick (Yeah)
That's a pull-up bitch (Yeah), don't make me pull up, bitch
I smash that thot, then pull out, bitch, might push to Flacko shit
Watch me pull up, take your chain, lil' bitch
I'm on Deebo lit (Yeah), I'm on 'migo lit (Yeah), I'm on kilo lit (Yeah)
I go psycho, bitch, watch me sock your bitch
Watch me thrash that bitch, then I pass that bitch

Cop the Prada, bitch, get one for the zip
Got that Prada bag (Yeah), got one for my bitch (Yeah)
Lil' boy hit like blitz (Yeah), lil' boy, this my bitch (Yeah)
Got me mad as shit (Yeah), so I slapped the bitch (Yeah)
I ain't even hop in the coupe (Yeah), your bitch gon' star at the clique (Yeah)
I ain't even fuckin' this thot, yeah, the bitch gotta start with the clique, yeah
All of my diamonds they flawless, all of my diamonds legit (Yeah)
All of these diamonds, they costin' (Slatt, hold up)
Slatt, move like a boss, slatt, move like a boss
I get that dope, kilo, yeah, come fuck with the boss (Yeah)

Smokin' that gas, diesel, yeah, smoke like a boss, yeah
She throwin' it back like a Frisbee, yeah, hit like a boss (Yeah)

I'ma go fuck that bitch (Yeah), I'ma go thrash that bitch (Yeah)
Shawty gon' suck this dick (Yeah), shawty gon' suck this dick (Yeah)
That's a pull-up bitch (Yeah), don't make me pull up, bitch
I smash that thot, then pull out, bitch, might push to Flacko shit
Watch me pull up, take your chain, lil' bitch
I'm on Deebo lit (Yeah), I'm on 'migo lit (Yeah), I'm on kilo lit (Yeah)
I go psycho, bitch, watch me sock your bitch
Watch me thrash that bitch, then I pass that bitch

I'm with my dawgs, fight with my dawgs, yeah, shoot with my dawgs, yeah
I want your thot, I want your broad, yeah, she all on my lot
Countin' the knots, all of my ghosts, yeah, head to the loft
I got a strap all on my dick, ain't hittin' it raw
I just left Elliot, Prada bag, ooh, it holdin' the knots, ooh
I got a bitch, Rihanna bad, ooh, the bitch got a box
Fuck that mumblin' shit (Yeah), fuck that mumblin' shit (Yeah)
Bought a crib for my mama off that mumblin' shit (Yeah)
Made a mil' off that, uh, off that mumblin' shit

Made a mil' off that, uh, off that mumblin' shit (Yeah)
Bought a crib for mama off that mumblin' shit (What?)
Fuck that ho, VH1, big ass booty bitch (Yeah)

I'ma go fuck that bitch (Yeah), I'ma go thrash that bitch (Yeah)
Shawty gon' suck this dick (Yeah), shawty gon' suck this dick (Yeah)
That's a pull-up bitch (Yeah), don't make me pull up, bitch
I smash that thot, then pull out, bitch, might push to Flacko shit
Watch me pull up, take your chain, lil' bitch
I'm on Deebo lit (Yeah), I'm on 'migo lit (Yeah), I'm on kilo lit (Yeah)
I go psycho, bitch, watch me sock your bitch

Watch me thrash that bitch, then I pass that bitch",ok_ovh_fallback,genius_unavailable: No confident Genius match,2026-03-15T22:39:32Z
Playboi Carti,Shoota,playboi carti::shoota,https://genius.com/search?q=Playboi%20Carti%20Shoota%20lyrics,"Yeah
Now, now is my time
Now is my time
Tha-tha-tha-th-th-that be Maaly Raw

Everybody rock with me because I'm up now
Took your girl and I'ma score, like I made the touch-down
Swervin' and the Lambo doors go up, not on the bus now
Used to want a G-Shock, now I'm walking with a bust down
Pull up and I'm flooding with an iced out watch
Whip it look like butter baby, pecan drop
Pick and drop, put that four inside drop
Stack my knots, count a lot, saw a lot
Got them rocks, diamond rocks, whip the pot
Suicide, 1600, that's the block
Hit your girl that's check free
She ain't used to text me
Now she wanna caress me
She keep tryna neck me
I got' tell my bestie, someone call my bestie
Think I found my bestie, link up make the check bleed
You know that I'm smoking dope, I'll be high til' next week
Know I had to let her go, 'cause she can't arrest me

Woke up with my toolie, what it do?
Meet me in the alley with the troops
I got red shooters, I got blue
Let that thing down then point at you
Bentley or that Rari, hoe, let's choose
We gon' the rob the bank, bring the loot
We gon' take the boy back to school
Money on the floor just like some shoes

Money on the floor just like some shoes
I'ma fuck your thot, she just a swoop
I'ma fuck your thot, she just a swoop yeah
And I love my goons, (yeah) and I love my tool (yeah)
And I love my loot (yeah)
Fuck with me and you gon' lose
Don't talk to me just talk to my lil dude
Don't talk to me just talk to my lil dude

Woke up with my toolie, what it do?
Meet me in the ally with the troops
I got red shooters, I got blue
Let that thing down then point at you
Bentley or a Rari, ho, let's choose
We gon' the rob the bank, bring the loot
We gon' take the boy back to school
Money on the floor just like some shoes",ok_ovh_fallback,genius_unavailable: No confident Genius match,2026-03-15T22:39:27Z
Playboi Carti,Sky,playboi carti::sky,https://genius.com/search?q=Playboi%20Carti%20Sky%20lyrics,"What? What? What? What?
I'm so high, man, I can't even feel shit

I told my boy: Go roll like ten blunts for me
I told my boy: Go roll like ten blunts for me
I'm tryna get high till I can't feel nothin'
I'm tryna get high till I can't feel nothin'

I could fall out the sky and I still won't feel nothin'
I could fall out the sky and I still won't feel nothin'

I'm way too high (yeah, what?)
Woah, woah
I'm way too high
Woah, woah
I'm way too high
Woah, woah
I'm way too high
Woah, woah
I'm way too high

Wake up
It's the first of the month (slatt, slatt, slatt, slatt)
I brush my teeth and count up
I let my bitch roll my blunt

I'm 'bout to dirty my cup
Pour up some lean and get stuck
I make her scream when we fuck (slatt, scrеam, suck it)
I don't drive R8s, I don't like those
I drive the Daytona and I tinted the windows
Can't fuck with nobody, not even my shadow
I got on Ed Hardy, she got on stilettos
She my best friend, yeah, we not a couple
She a rockstar, she a sex symbol
The way she do that shit, she make it look simple
The way she do that shit, she make it look simple

Baby, tell me what you wanna do
Baby, tell me everybody you screw
Tell me everybody you took to this room
I gotta know who you fuck, fucked in this room
I gotta know who you fucked in this room
I gotta know who you fucked in this room

Can't trust no bitch, can't trust these niggas
Yeah, in love with my money, in love with my pistols
In love with my bitch, I think she my bitch
I know she suck dick, I know she not shit
I been thinkin' 'bout it, finna cut off that bitch
She don't cook, she don't clean, but she want Ruth Chris
I don't even like to hug, I don't even like to kiss
I just pat her on the ass
And tell her: Good shit
I just walked in my pad
Paparazzi at the fence (slatt)

I'm 'bout to pour up some red
And shawty gon' roll up some shit
(What? Slatt, slatt, and shawty gon')
And shawty gon' roll up some shit
I'm 'bout to pour up some red
And shawty gon' roll up some shit

I told my boy: Go roll like ten blunts for me
I told my boy: Go roll like ten blunts for me
I'm tryna get high till I can't feel nothin'
I'm tryna get high till I can't feel nothin'

I could fall out the sky and I still won't feel nothin'
I could fall out the sky and I still won't feel nothin'

I'm way too high
Woah, woah
I'm way too high
Woah, woah, woah
I'm way too high
Woah, woah, woah
I'm way too high
Woah, woah, woah
I'm way too high

What? What? What?
I'm so high, man, I can't even feel shit",ok_ovh_fallback,genius_unavailable: No confident Genius match,2026-03-15T22:39:23Z
Playboi Carti,Stop Breathing,playboi carti::stop breathing,https://genius.com/search?q=Playboi%20Carti%20Stop%20Breathing%20lyrics,"(Wake up F1lthy)
Breathin' (Blatt, yeah)
Breathin' (What? Yeah)
Breathin' (Haha)

I take my shirt off and all the hoes stop breathin' (Ayy, yeah)
I take my shirt off and all the hoes stop breathin' (Yeah)
I take my shirt off and all the hoes stop breathin' (Yeah, what? Yeah)
I take my shirt off and all the hoes stop breathin' (What? Yeah, yeah, what?)
Breathin', breathin', bitch, stop breathin' (Yeah)
Breathin', breathin', I think the bitch not breathin' (Ayy, what? What? What?)
Breathin', breathin', bitch, stop breathin' (Yeah, ayy, yeah)
Breathin', breathin', I think the bitch not breathin' (What? Yeah, what?)

Ha, ha, ha, ha (Slatt, ayy)
Ha, ha (Yeah), ha, ha (Ayy)
Ha, ha (Yeah), ha (Oh my), ha (Yeah)
Ha, ha (What?), ha (What?), ha (What? Damn)

Back been since my brother died (What? Died, what?)
Ever since my brother died (Died, what? What? Yeah)
I been thinkin' 'bout homicide (What? What? What? What?)
I been thinkin' 'bout homicide (What? What? What? What?)
Free Lil' Tip (What? Ooh), free Migo Bliff (What? Ah)
Free all my guys (What?), free Problem Child (What?)
I been with lil' Demon and lil' Beno and R5 (What? What? Demon in that)
Ridin' in a tank on 285 (Five, what? What?)
On the way to Front Street, who say we ain't outside? (Yeah)
Smokin' on the henchman (What?), got a nigga fried
I'm hangin' with the Pirus (What? What?), hangin' with the fires (Yeah)
I got mob ties, I got fuckin' mob ties (Yeah)
I got niggas in chain gang on my side (What? What? What? What? Chain gang)
I got niggas in chain gang on my side (What? What? What? What?)
I had the nigga's chain online for a five (What? What? What? What?)
I had the nigga's chain online for a five (What? What? What? What?)
I'm on demon time (What? What?), I'm on demon time (What? What? Tell 'em)
Bitch, I'm out my body (What? What?), I done lost my mind (What? What? Yeah)
I'm a young bitch (What? What? Bitch), but I'm in my prime (What? What? Yeah)
I'm a young bitch (What? What? Go), but I'm in my prime (What? What? Yeah)
Pussy-ass niggas can't hang 'round me (What? What? What?)
All these pussy-ass niggas love bein' on T's (What? What? What?)
I'm so shiesty, I ain't got a OG (What? Woo)
I keep the blicky, blicky just in case they try me (What? Blicky, blicky, what?)
Keep me a opp (What? Slatt), keep me a opp (Ooh, what? Okay)
Tear 'em up (Yeah, what?), tear 'em up (Yeah, what?)
This chopper won't stop (Choppa, choppa, what?)
This chopper won't stop (Choppa, choppa, what?)
I fuck on your thot (Choppa, choppa, what?)
I fuck on your thot
You fuck with my opps? (Opps, woo)
You fuck with my opps? (Yeah, yeah)
You fuck with my opps? (What? Yeah, yeah)
You fuck with the cops (What? What?)
Brand new 'Ventador, I drove that bitch right to the moon (Moon, what?)
I just hit a lick with a mask, MF DOOM (Woo, woo, what? Woo, woo)
I just rocked the show on some mothafuckin' shrooms (God, woo)
I fucked my biggest fan in the fuckin' green room (God, yeah)
I gave that ho a band and told her, ""Go and buy some shoes"" (Ah, what?)
I been winnin' every day, bitch, I can't lose (Woo, what?)
I got the people goin' crazy (What?), watchin' all my moves (Yeah)
My bitch said I dress real nice, dress cool (Ayy)
If Rich don't cut you a check (What?), you better sue (What? What?)
Yeah, what? What? Ha, what?
Ha, what? (Yeah, yeah), ha (Tilt, yeah)
Ha (What? What? What?), ayy
Yeah, what? What?
Yeah, what? (Bitch) Yeah, what? Yeah

I take my shirt off and all the hoes stop breathin' (Ayy)
I take my shirt off and all the hoes stop breathin' (Yeah, what? Red)
I take my shirt off and all the hoes stop breathin' (Yeah, what? What? What? Red)
I take my shirt off and all the hoes stop breathin' (What? What? Hold up)
Breathin', breathin', bitch, stop breathin' (Yeah)
Breathin', breathin', I think the bitch not breathin' (Ayy, what? Yeah, what? What?)
Breathin', breathin', bitch, stop breathin' (Yeah, ayy, what?)
Breathin', breathin', I think the bitch not breathin' (Ayy, what? What?)",ok_ovh_fallback,genius_unavailable: No confident Genius match,2026-03-15T22:39:14Z
Playboi Carti,UR THE MOON,playboi carti::ur the moon,https://genius.com/search?q=Playboi%20Carti%20UR%20THE%20MOON%20lyrics,"Different day
I just be stylin',it's hard to sleep
(schyeah)
She never made it hard for me
(schyeah,it's comin')
I can't trust my eyes.like.how do i see
I'm in the high,she's in the heat,uh
(turn it up,turn it up)
Tell me why? And for what?
Always prepared 'cause I never know what
She wait at all of my shows
She wanted me to sign her butt,yeah,uh
Whippin' that ho with the Fendi
Yeah-yeah,I was lookin' for Benji
I had smoke at Means Street
Everybody thought they knew me

My bitch,she ain't even met the new me
A ho' gon' die tryna do me
Look at the sky,it's a movie
She not a wife,she a groupie
That's a lil'-ass chain
Check the new piece,schyeah
Red in the diamonds,no rubies
Stick in the dirt like (schyeah)
Stick in the dirt like Doody (schyeah)
Schyeah
There's plenty of opps in the loose leafs
Goyard trunk,keep it brief,yeah
Stamp on your neck like pussy ('bout what?)
Schyeah,schyeah
Schyeah
Stay in your position,lil' nigga
Before you get put on a shirt (schyeah)
I was in SOuth Carolina,with two hoes,takin' they turn

You play with that fire too much,lil' shawty
You bound to get burnt (schyeah)
SVJ,I go crazy,no concern (schyeah),uh
Glock in the holster (schyeah),yeah,stick in the Goyard (schyeah)
Put 'em on a poster,put 'em in a graveyard (schyeah),schyeah
She gets angry,she like to text hard (what?)
I don't need a co-sign (What?),I need a diehard (huh?)
I fuck her back in,yeah,then put her in Chrome Heart
The Bentley,it's push-start(uh)
I'm a bully,i push hard (yeah,schyeah)
Drivin off drugs,this my go-kart (schyeah) ž
Different day,ha (schyeah)
We came out on Sunday
I told my momma I was gon' make it one day

Been,been,been told her
It was just the other day I was on bullshit,eatin' leftovers,yeah
Schyeah,thinkin' about it
Now it's just G5's,yeahI don't do layovers
Schyeah",ok_ovh_fallback,genius_unavailable: No confident Genius match,2026-03-15T22:39:09Z
The Weeknd,After Hours,the weeknd::after hours,https://genius.com/search?q=The%20Weeknd%20After%20Hours%20lyrics,"Thought I almost died in my dream again (Baby, almost died)
Fightin' for my life, I couldn't breathe again
I'm fallin' into new (Oh, oh)
Without you, gonna swoon (Fallin' in)
'Cause my heart belongs to you
I'll risk it all for you
I won't just leave
This time, I'll never leave
I wanna share babies
Protection, we won't need
Your body next to me
Is just a memory
I'm fallin' in too deep, oh
Without you, I'm asleep
It's on me, only me, oh

Talk to me, without you, I can't breathe

My darkest hours
Girl, I felt so alone inside of this crowded room
Different girls on the floor, distractin' my thoughts of you
I turned into the man I used to be, to be
Put myself asleep
Just so I can act closer to you inside my dreams
Didn't wanna wake up 'less you were beside me
I just wanted to call you and say, and say

Oh, baby
Where are you now when I need you most?
I'd give it all just to hold you close
Sorry that I broke your heart, your heart

Never comin' through, uh

I was running away from facin' reality, uh
Wastin' all of my time on living my fantasies
Spendin' money to compensate, compensate
'Cause I want you, baby, uh
I'll be livin' in Heaven when I'm inside of you
It was definitely a blessing, wakin' beside you
I'll never let you down again, again

Oh, baby
Where are you now when I need you most?
I'd give it all just to hold you close
Sorry that I broke your heart, your heart
I said, baby
I'll treat you better than I did before
I'll hold you down and not let you go
This time, I won't break your heart, your heart, yeah

I know it's all my fault
Made you put down your guard
I know I made you fall
I said you were wrong for me
I lied to you, I lied to you, I lied to you (To you)
Can't hide the truth, I stayed with her in spite of you
You did some things that you regret, still right for you
'Cause this house is not a home

Without my baby
Where are you now when I need you most?
I gave it all just to hold you close
Sorry that I broke your heart, your heart
And I said, baby
I'll treat you better than I did before

I'll hold you down and not let you go
This time, I won't break your heart, your heart, no",ok_ovh_fallback,genius_unavailable: No confident Genius match,2026-03-15T22:38:56Z
The Weeknd,Blinding Lights,the weeknd::blinding lights,https://genius.com/search?q=The%20Weeknd%20Blinding%20Lights%20lyrics,"Yeah

I've been tryna call
I've been on my own for long enough
Maybe you can show me how to love, maybe
I'm going through withdrawals
You don't even have to do too much
You can turn me on with just a touch, baby

I look around and
Sin city's cold and empty (oh)
No one's around to judge me (oh)
I can't see clearly when you're gone

I said: Ooh, I'm blinded by the lights
No, I can't sleep until I feel your touch
I said: Ooh, I'm drowning in the night
Oh, when I'm like this, you're the one I trust
Hey, hey, hey

I'm running out of time
'Cause I can see the Sun light up the sky
So I hit the road in overdrive, baby, oh

The city's cold and empty (oh)
No one's around to judge me (oh)
I can't see clearly when you're gone

I said: Ooh, I'm blinded by the lights
No, I can't sleep until I feel your touch
I said: Ooh, I'm drowning in the night
Oh, when I'm like this, you're the one I trust

I'm just coming back to let you know (back to let you know)
I can never say it on the phone (say it on the phone)
Will never let you go this time (ooh)

I said: Ooh, I'm blinded by the lights
No, I can't sleep until I feel your touch
Hey, hey, hey
Hey, hey, hey

I said: Ooh, I'm blinded by the lights
No, I can't sleep until I feel your touch",ok_ovh_fallback,genius_unavailable: No confident Genius match,2026-03-15T22:38:34Z
The Weeknd,Call Out My Name,the weeknd::call out my name,https://genius.com/search?q=The%20Weeknd%20Call%20Out%20My%20Name%20lyrics,"We found each other
I helped you out of a broken place
You gave me comfort
But falling for you was my mistake

I put you on top, I put you on top
I claimed you so proud and openly
And when times were rough, when times were rough
I made sure I held you close to me

So call out my name (call out my name)
Call out my name when I kiss you so gently
I want you to stay (I want you to stay)
I want you to stay even though you don't want me
Girl, why can't you wait? (Why can't you wait, baby?)
Girl, why can't you wait till I fall out of love?
Won't you call out my name? (Call out my name)
Girl, call out my name, and I'll be on my way and
I'll be on my—

I said I didn't feel nothing, baby, but I lied
I almost cut a piece of myself for your life
Guess I was just another pit stop
Till you made up your mind
You just wasted my time

You're on top, I put you on top
I claimed you so proud and openly, babe
And when times were rough, when times were rough
I made sure I held you close to me

So call out my name (call out my name, baby)
So call out my name when I kiss you so gently
I want you to stay (I want you to stay)
I want you to stay even though you don't want me
Girl, why can't you wait? (Girl, why can't you wait till I—)
Girl, why can't you wait till I fall out of love?
Babe, call out my name (say you'll call out my name, baby)
Just call out my name, and I'll be on my way
Girl, I'll be on my—

(On my way, on my way)
(On my way, on my way, oh)
(On my way, on my way, on my way)
(On my way, on my way, on my way)
(On my—)",ok_ovh_fallback,genius_unavailable: No confident Genius match,2026-03-15T22:38:19Z
The Weeknd,Die For You,the weeknd::die for you,https://genius.com/search?q=The%20Weeknd%20Die%20For%20You%20lyrics,"I'm findin' ways to articulate the feelin' I'm goin' through
I just can't say I don't love you (Yeah)
'Cause I love you, yeah
It's hard for me to communicate the thoughts that I hold
But tonight, I'm gon' let you know
Let me tell the truth
Baby, let me tell the truth, yeah

You know what I'm thinkin', see it in your eyes
You hate that you want me, hate it when you cry
You're scared to be lonely, 'specially in the night
I'm scared that I'll miss you, happens every time
I don't want this feelin', I can't afford love

I try to find a reason to pull us apart
It ain't workin' 'cause you're perfect
And I know that you're worth it
I can't walk away, oh

Even though we're goin' through it
And it makes you feel alone
Just know that I would die for you
Baby, I would die for you, yeah
The distance and the time between us
It'll never change my mind 'cause
Baby, I would die for you
Baby, I would die for you, yeah (Say)

I'm findin' ways to manipulate the feelin' you're goin' through
But, baby girl, I'm not blamin' you
Just don't blame me, too, yeah

'Cause I can't take this pain forever
And you won't find no one that's better
'Cause I'm right for you, babe
I think I'm right for you, babe

You know what I'm thinkin', see it in your eyes
You hate that you want me, hate it when you cry
It ain't workin' 'cause you're perfect
And I know that you're worth it
I can't walk away, oh

Even though we're goin' through it
And it makes you feel alone
Just know that I would die for you
Baby, I would die for you, yeah
The distance and the time between us
It'll never change my mind 'cause
Baby, I would die for you, uh

Baby, I would die for you, yeah

I would die for you, I would lie for you
Keep it real with you, I would kill for you, my baby
I'm just sayin', yeah
I would die for you, I would lie for you
Keep it real with you, I would kill for you, my baby
Na-na-na, na-na-na, na-na-na

Even though we're goin' through it
And it makes you feel alone
Just know that I would die for you
Baby, I would die for you, yeah
The distance and the time between us
It'll never change my mind 'cause
Baby, I would die for you

Baby, I would die for you, yeah (Oh, babe)

(Die for you)",ok_ovh_fallback,genius_unavailable: No confident Genius match,2026-03-15T22:38:45Z
The Weeknd,Earned It,the weeknd::earned it,https://genius.com/search?q=The%20Weeknd%20Earned%20It%20lyrics,"I'ma care for you
I'ma care for you, you, you, you

You make it look like it's magic (oh, yeah)
'Cause I see nobody, nobody but you, you, you
I'm never confused, hey, hey
And I'm so used to being used

So I love when you call unexpected
'Cause I hate when the moment's expected
So I'ma care for you, you, you
I'ma care for you, you, you, you, yeah

'Cause, girl, you're perfect
You're always worth it
And you deserve it
The way you work it
'Cause, girl, you earned it, yeah
Girl, you earned it, yeah

You know our love would be tragic (oh, yeah)
So you don't pay it, don't pay it no mind, mind, mind
We live with no lies, hey, hey
You're my favorite kind of night

So I love when you call unexpected
'Cause I hate when the moment's expected
So I'ma care for you, you, you
I'ma care for you, you, you, you, yeah

'Cause, girl, you're perfect (girl, you're perfect)
You're always worth it (always worth it)
And you deserve it (and you deserve it)
The way you work it (the way you work it)
'Cause, girl, you earned it (earned it, shit)
Girl, you earned it, yeah

On that lonely night (lonely night)
We said it wouldn't be love
But we felt the rush (fell in love)
It made us believe it was only us (it was only us)
Convinced we were broken inside, yeah
Inside, yeah

'Cause, girl, you're perfect (girl, you're perfect)
You're always worth it (you're always worth it)
And you deserve it (and you deserve it)
The way you work it (the way you work it)
'Cause, girl, you earned it, yeah (girl, you earned it)
Girl, you earned it, yeah (you earned it)

Na, na, na, na, na
Oh, ooh
Yeah, yeah
'Cause, girl, you're perfect
The way you work it
I deserve it",ok_ovh_fallback,genius_unavailable: No confident Genius match,2026-03-15T22:38:25Z
The Weeknd,Often,the weeknd::often,https://genius.com/search?q=The%20Weeknd%20Often%20lyrics,"(Seneler sürer her günüm)
Ooh yeah, ooh yeah, ooh yeah, ooh yeah, ooh yeah
(Yalnız gitmekten yorgunum)
Ooh yeah, ooh yeah, ooh yeah, ooh yeah
(Seneler sürer her günüm)
Ooh yeah, ooh yeah, ooh yeah, ooh yeah, ooh yeah
(Yalnız gitmekten yorgunum)
Ay, ooh yeah, ooh yeah, ooh yeah, ooh yeah, ooh yeah

I usually love sleeping all alone
This time around bring your friend with you
But we ain't really going to sleep at all
You ain't gonna catch me with them sneak pictures, sneak pictures
In my city, I'm a young God
That pussy kill be so vicious
My God white, he in my pocket
He get me redder than the devil 'til I go nauseous

She asked me if I do this every day, I said: Often
Asked how many times she rode the wave: Not so often
Bitches down to do it either way, often
Baby, I can make that pussy rain, often
Often, often, girl, I do this often
Make that pussy pop and do it how I want it
Often, often, girl, I do this often
Make that pussy pop and do it how I want it
Often

Infatuated by the fame status
She wanna ride inside the G-Class grey 'matic
I come around, she leave that nigga like he ain't matter
That girl been drinkin' all day, need to change bladder
She's just happy that the crew's back in town
She 'bout to go downtown for a whole hour
If I had her, you can have her, man, it don't matter
I'm never sour, I'm just smokin' somethin' much louder

She asked me if I do this every day, I said: Often
Asked how many times she rode the wave: Not so often
Bitches down to do it either way, often
Baby, I can make that pussy rain, often
Often, often, girl, I do this often
Make that pussy pop and do it how I want it
Often, often, girl, I do this often
Make that pussy pop and do it how I want it
Often

Ooh, the Sun's risin' up
And night's almost done
The night's almost done
But I see your eyes
You wanna go again
Girl, I'll go again
Girl, I'll go again

She asked me if I do this every day, I said: Often
Asked how many times she rode the wave: Not so often
Bitches down to do it either way, often
Baby, I can make that pussy rain, often
Often, often, girl, I do this often
Make that pussy pop and do it how I want it
Often, often, girl, I do this often
Make that pussy pop and do it how I want it
Often

(Seneler sürer her günüm)
Ooh yeah, ooh yeah, ooh yeah, ooh yeah, ooh yeah
(Yalnız gitmekten yorgunum)
Ooh yeah, ooh yeah, ooh yeah, ooh yeah
(Seneler sürer her günüm)
Ooh yeah, ooh yeah, ooh yeah, ooh yeah, ooh yeah
(Yalnız gitmekten yorgunum)
Ay, ooh yeah, ooh yeah, ooh yeah, ooh yeah",ok_ovh_fallback,genius_unavailable: No confident Genius match,2026-03-15T22:38:30Z
The Weeknd,Save Your Tears,the weeknd::save your tears,https://genius.com/search?q=The%20Weeknd%20Save%20Your%20Tears%20lyrics,"Ooh
Na na, yeah

I saw you dancing in a crowded room
You look so happy when I'm not with you
But then you saw me, caught you by surprise
A single teardrop falling from your eye

I don't know why I run away
I'll make you cry when I run away

You could've asked me why I broke your heart
You could've told me that you fell apart
But you walked past me like I wasn't there
And just pretended like you didn't care

I don't know why I run away
I'll make you cry when I run away

Take me back 'cause I wanna stay
Save your tears for another
Save your tears for another day
Save your tears for another day

So, I made you think that I would always stay
I said some things that I should never say
Yeah, I broke your heart like someone did to mine
And now you won't love me for a second time

I don't know why I run away, oh, girl
Said I'll make you cry when I run away

Girl, take me back 'cause I wanna stay
Save your tears for another
I realize that I'm much too late
And you deserve someone better
Save your tears for another day (ooh, yeah)
Save your tears for another day (yeah)

I don't know why I run away
I'll make you cry when I run away

Save your tears for another day, ooh, girl (ah)
I said save your tears for another day (ah)
Save your tears for another day (ah)
Save your tears for another day (ah)",ok_ovh_fallback,genius_unavailable: No confident Genius match,2026-03-15T22:38:40Z
The Weeknd,Starboy,the weeknd::starboy,https://genius.com/search?q=The%20Weeknd%20Starboy%20lyrics,"Ayy

I'm tryna put you in the worst mood, ah
P1 cleaner than your church shoes, ah
Milli point two just to hurt you, ah
All red Lamb' just to tease you, ah
None of these toys on lease too, ah
Made your whole year in a week too, yah
Main bitch outta your league too, ah
Side bitch outta your league too, ah

House so empty, need a centerpiece
Twenty racks a table, cut from ebony
Cut that ivory into skinny pieces
Then she clean it with her face, man, I love my baby, ah

You talkin' money, need a hearin' aid
You talkin' 'bout me, I don't see the shade
Switch up my style, I take any lane
I switch up my cup, I kill any pain

(Ha-ha-ha-ha-ha, ha-ha-ha-ha-ha)
Look what you've done
(Ha-ha-ha-ha-ha, ha-ha-ha-ha-ha)
I'm a motherfuckin' starboy
(Ha-ha-ha-ha-ha, ha-ha-ha-ha-ha)
Look what you've done
(Ha-ha-ha-ha-ha, ha-ha-ha-ha-ha)
I'm a motherfuckin' starboy

Every day, a nigga try to test me, ah
Every day, a nigga try to end me, ah
Pull off in that Roadster SV, ah
Pockets overweight, gettin' hefty, ah

Comin' for the king, that's a far cry, I
I come alive in the fall time, I
The competition, I don't really listen
I'm in the blue Mulsanne, bumpin' New Edition

House so empty, need a centerpiece
Twenty racks a table, cut from ebony
Cut that ivory into skinny pieces
Then she clean it with her face, man, I love my baby, ah
You talkin' money, need a hearin' aid
You talkin' 'bout me, I don't see the shade
Switch up my style, I take any lane
I switch up my cup, I kill any pain

(Ha-ha-ha-ha-ha, ha-ha-ha-ha-ha)
Look what you've done
(Ha-ha-ha-ha-ha, ha-ha-ha-ha-ha)

I'm a motherfuckin' starboy
(Ha-ha-ha-ha-ha, ha-ha-ha-ha-ha)
Look what you've done
(Ha-ha-ha-ha-ha, ha-ha-ha-ha-ha)
I'm a motherfuckin' starboy

Let a nigga brag Pitt
Legend of the fall, took the year like a bandit
Bought Mama a crib and a brand new wagon
Now she hit the grocery shop lookin' lavish
Star Trek roof in that Wraith of Khan
Girls get loose when they hear this song
A hundred on the dash get me close to God
We don't pray for love, we just pray for cars

House so empty, need a centerpiece
Twenty racks a table, cut from ebony
Cut that ivory into skinny pieces

Then she clean it with her face, man, I love my baby, ah
You talkin' money, need a hearin' aid
You talkin' 'bout me, I don't see the shade
Switch up my style, I take any lane
I switch up my cup, I kill any pain

(Ha-ha-ha-ha-ha, ha-ha-ha-ha-ha)
Look what you've done
(Ha-ha-ha-ha-ha, ha-ha-ha-ha-ha)
I'm a motherfuckin' starboy
(Ha-ha-ha-ha-ha, ha-ha-ha-ha-ha)
Look what you've done
(Ha-ha-ha-ha-ha, ha-ha-ha-ha-ha)
I'm a motherfuckin' starboy
(Ha-ha-ha-ha-ha, ha-ha-ha-ha-ha)
Look what you've done
(Ha-ha-ha-ha-ha, ha-ha-ha-ha-ha)

I'm a motherfuckin' starboy
(Ha-ha-ha-ha-ha, ha-ha-ha-ha-ha)
Look what you've done
(Ha-ha-ha-ha-ha, ha-ha-ha-ha-ha)
I'm a motherfuckin' starboy",ok_ovh_fallback,genius_unavailable: No confident Genius match,2026-03-15T22:38:14Z
The Weeknd,The Hills,the weeknd::the hills,https://genius.com/Sienna-spiro-the-visitor-lyrics,"13 Contributors
Translations
Português
Italiano
The Visitor Lyrics
[Verse 1]
We lay on towers, on rented time
I'm yours for hours, you're always mine
All things expire, I know you won't stay
But I seem to inspire you to say
[Chorus]
Say that you love me
Say I'm all you need
In the back of my mind, I
Know I'm temporary
You're holding me for the night for some pleasure
If that's all we are
Know I'll always be a visitor, mm
In your arms
[Verse 2]
It's in my nature to be cynical
I want to be remembered, so I get hysterical
I wanna be that one thing, somethin' special to you
Say you won't forget me, but you always do
[Chorus]
Then say that you love me
Say I'm all you need
In the back of my mind, I
Know I'm tеmporary
You're holding me for the night for somе pleasure
If that's all we are
Know I'll always be a visitor, mm
In your arms, in your arms, oh
[Bridge]
No-no-no
No-no-no-no
In your arms
[Chorus]
Say that you love me
Say I'm all you need
In the back of my mind, I
Know I'm temporary
You're holding me for the night for some pleasure
If that's all we are
Know I'll always be a visitor
No, no, no-no-no
Know I'll always be a visitor in your arms",ok,,2026-03-15T22:38:09Z
The Weeknd,Wicked Games,the weeknd::wicked games,https://genius.com/search?q=The%20Weeknd%20Wicked%20Games%20lyrics,"I left my girl back home
I don't love her no more
And she'll never fucking know that
These fucking eyes that I'm staring at
Let me see that ass
Look at all this cash
And I emptied out my cards to her
Now I'm fucking leaning on that

Bring your love baby I could bring my shame
Bring the drugs baby I could bring my pain
I got my heart right here
I got my scars right here
Bring the cups baby I could bring the drank
Bring your body baby I could bring you fame
And that's my motherfucking words too

Just let me motherfucking love you

Listen ma I'll give you all I got
Get me off of this
I need confidence in myself
Listen ma I'll give you all of me
Give me all of it
I need all of it to myself

So tell me you love me
Only for tonight
Only for one night
Even though you don't love me
Just tell me you love me
I'll give you what I need
I'll give you all of me
Even though you don't love me

Let me see you dance
I love to watch you dance
Take you down another level
And get you dancing with the devil
Take a shot of this
But I'm warning you
I'm on that shit that you can't smell baby
So put down your perfume

Bring your love baby I could bring my shame
Bring the drugs baby I could bring my pain
I got my heart right here
I got my scars right here
Bring the cups baby I could bring the drank
Bring your body baby I could bring you fame
And that's my motherfucking word too
So let me motherfucking love you

Listen ma I'll give you all I got
Get me off of this
I need confidence in myself
Listen ma I'll give you all of me
Give me all of it
I need all of it to myself

So tell me you love me
Only for tonight
Only for one night
Even though you don't love me
Just tell me you love me
I'll give you what I need
I'll give you all of me
Even though you don't love me",ok_ovh_fallback,genius_unavailable: No confident Genius match,2026-03-15T22:38:50Z
Yeat,Breathe,yeat::breathe,https://genius.com/search?q=Yeat%20Breathe%20lyrics,"Breathe
Breathe, breathe
Breathe, breathe

I was bored, bought a jet, made a billion (Breathe)
Naw, fuck that bitch, I need a trillion (Breathe)
Naw, fuck that bitch, I need to feel it (Breathe)
Make me so damn mad, make me feel it (Breathe)
I won't ever give you time to (Breathe)
I won't ever give a fuck if you (Breathe)
Ion really give a fuck 'bout you (Breathe)
You need to chill, you need to breathe (Breathe)
I'ma ask you to leave (Breathe)
Yeah, my money so deep (Breathe)
And as far as I could tell, they wanna sound like me, they wanna be like me (Breathe)

I'ma cut it open, I'm doing surgery
And that limelight make 'em go insane
Yeah, I make 'em go insane
Why the fuck would you come?
When you level up, you make the money billion
And you make your money taller than the ceiling
I told you, I lost all feeling
Hold your breath till you pass out
I hope to God you crash out
I recommend you cash out
Heard you went up, now you going down
Know you know I don't stress
I could not care less
But she know I'm the best

Got 'em turning they heads
I know I'ma asshole
I know when I dip and go
I know when I lose control
Got the system on overload
Ion fuck with you, squish you like a bug
They ain't fuck with me, so it's fake love
I won't shake your hand, bitch, I need a glove
Wash the blood of my hands, I need Dove
I said fuck love, bitch, I need a tug
I make a fuck ton of money, you make none
I hit home-runs, bitch, you 'bout to bunt
I don't breathe because it's fun (Breathe)

I was bored, bought a jet, made a billion (Breathe)
Naw, fuck that bitch, I need a trillion (Breathe)
Naw, fuck that bitch, I need to feel it (Breathe)
Make me so damn mad, make me feel it (Breathe)
I won't ever give you time to (Breathe)
I won't ever give a fuck if you (Breathe)
Ion really give a fuck 'bout you (Breathe)
You need to chill, you need to breathe (Breathe)
I'ma ask you to leave (Breathe)
Yeah, my money so deep (Breathe)
And as far as I could tell, they wanna sound like me, they wanna be like me (Breathe)

I'ma cut it open, I'm doing surgery
And that limelight make 'em go insane
Yeah, I make 'em go insane
Why the fuck would you come?
When you level up, you make the money billion
And you make your money taller than the ceiling
I told you, I lost all feeling
Hold your breath till you pass out
I hope to God you crash out
I recommend you cash out
Heard you went up, now you going down
Know you know I don't stress
I could not care less
But she know I'm the best",ok_ovh_fallback,genius_unavailable: No confident Genius match,2026-03-15T22:40:13Z
Yeat,IDGAF,yeat::idgaf,https://genius.com/search?q=Yeat%20IDGAF%20lyrics,"Yes, I'm flytroop, uh, and I'm high too
I'm on x too, fly troop
In my spacesuit, and you mad, oops
We step on ya, boots, we kill ya, huh, oops (hah)
I'm geeked up for life, I style all my life
I style all my life, I'll style on ya life too
And I'm high all night, she love me, she bite
I said I'm on heights, I'm living like kites
Yeah, got this coke, by the pole, I'm on x game
I show 'em who the fuck make hits, I'm on headbangs
Good hit, hit it down, leave you head down
Where he at? Oh he dead now
We always run it up, huh, greyhound (woo)
Give a fuck about these kids, yeah, double down
I like it, when I'm on this private jet
Oh, I like it, when you tell me what I said
Oh, I like it, when I leave yo' ass on read
Oh, I like it, trust me, it's better than what I said",ok_ovh_fallback,genius_unavailable: No confident Genius match,2026-03-15T22:40:18Z
Yeat,Monëy so big,yeat::mony so big,https://genius.com/search?q=Yeat%20Mon%C3%ABy%20so%20big%20lyrics,"Yeah, my money big body, my money Tonka
No, I don't need you, I really don't want you (Damn, Trgc made that?)
My money be twerkin', my money do dances (Woah)
Yeah, shut up
I already heard you, I don't wanna answer
You ruin everything you touch, you a cancer (Yeah, yeah)
Yeah, I'm on the side where we win, no
You not that guy 'cause I'm him, yeah
I ride that big body right out the lot, it's a GLE, came with a tint
I don't wanna hear none of the shit that you sayin', you cap out your chinny-chin-chin
I'm rockin' the latest designer, the finest of fur, that's that chinchilla skin
They tryna copy the wave and I told them they can't even surf a wave on it, yeah
They steady been copying my sound, they some birds, they a parrot if I'm being honest, yeah
Why you been cappin' 'bout your whole life?
How is you rappin' 'bout a whole lie?
How you stay rappin' 'bout these damn drugs you ain't ever tried once your whole life?

Yeah, these kids is some motherfuckin' burgers, I'm callin' them Five Guys
Yeah, these kids frier than a grease ball, yeah, he fried-fried
I just pulled up in that Bentley, that bitch got them frog eyes
They tryna bite the swag but they bitches biting our dicks
I count every time she sucked me up, this a hundred and sixty licks
Can't even count the songs I made in a month, that's a hundred and sixty hits
They say, ""Yeat, you keep on evolving, how you so steady with it?""
They say, ""Yeat, how your pockets swollen? You gotta show me that shit""
'Bout to tell you how I'm doin' and shit
I got the devil on my phone, he told me, keep doin' this shit
Yeah, devil taught me how to get rich
Yeah, how many bands? 6-6
Twizz in a minivan, couple of big sticks
Bitch 'bout to ride me like she on a RipStik
Yeah, they said, ""What's that red on your chest?"" I told 'em, ""that's your bitch lipstick""
Yeah, I pulled up in a Tonka and a helicopter, I'm goin' nuts
Yeah, I had a fifty band and I turned it to a honeybun
Didn't even need to go sign me a deal for these flawless diamonds, bitch, I'm already up
I got a lil' thotty, that bitch is the baddest, she up in that coupe on me, suckin' me up

Yeah, my money big body, my money Tonka
No, I don't need you, I really don't want you
My money be twerkin', my money do dances (Woah)
Yeah, shut up
I already heard you, I don't wanna answer
You ruin everything you touch, you a cancer (Yeah, yeah)
Yeah, I'm on the side where we win, no
You not that guy 'cause I'm him, yeah
I ride that big body right out the lot, it's a GLE, came with a tint
I don't wanna hear none of the shit that you sayin', you cap out your chinny-chin-chin
I'm rockin' the latest designer, the finest of fur, that's that chinchilla skin
They tryna copy the wave and I told them they can't even surf a wave on it, yeah
They steady been copying my sound, they some birds, they a parrot if I'm being honest, yeah
Why you been cappin' 'bout your whole life?
How is you rappin' 'bout a whole lie?
How you stay rappin' 'bout these damn drugs you ain't ever tried once your whole life?",ok_ovh_fallback,genius_unavailable: No confident Genius match,2026-03-15T22:40:02Z
Yeat,Out thë way,yeat::out th way,https://genius.com/search?q=Yeat%20Out%20th%C3%AB%20way%20lyrics,"(Pull up lil' bitch like—, I-I’m—)
Pull up lil' bitch like, ""Yeah,"" huh
I bought a Urus today, uh-huh
Paint it all yellow, look like a bird (I-I'm—)
Inside big body, two times two, my money, bitch, all I got (I-I’m working on dying)
Yeah, I make money, my thot-thot-thot 'bout to fold that money all up (BNYX, ooh)
Yeah, I'm swervin' it daily (Ooh, oh)
Yeah, I'm causin' a madness (Ooh, oh)
Yeah, I'm fuckin' the baddest, uh
Yeah, I bought me the Crowdless (Ooh, oh)
I bought me the gems
Yeah, I never need practice (Ooh, oh)
My money gon’ double or triple, yeah, your money subtractin’ (Ooh, oh)

Yeah, peeled off on the jakes, peeled off on the cops, peeled off on a swerve (Ooh, oh)
Yeah, I ain't even fuckin’ with nobody, bitch got a crib in the 'burbs (Ooh, oh)
Yeah, this shit could've gone so bad, this shit could've gotten the worse, yeah (Ooh, oh)
Yeah, free YSL out the chain gang, big fuck 12, they birds (Brr)
I ran up my money the most, I’m richer than all of the nerds (Yeah)
Yeah, I'm flexin' a big bankroll, these knots in my pockets, it hurt (Big bankroll)
I had a chase in the Tonka, the bitch looking, rippin' the car 'til it burn (Skrrt)
Twenty-four seven, I steady be poppin' these pillies, these muhfuckin' Percs
I think I'm Osama, lil' bitch, yeah, the way that I blew up and left on the Earth (Bang)
I hope that you don't think you could just rock with the gang, you can't come over here (No way)
You can try pullin' up on us lil' bitch (Ooh), you get hit with a muhfuckin' AR (Oh)
I don't even be postin' no pics on the Instagram, bitch, I just muhfuckin' stay out (Ooh, oh)
Bitch you can't do it like me, you can't do it like us, you gon' get up and pay out (Ooh, oh)
You can be stuck in the mix with a couple lil' blicks, but it's always a way out (Hey, hey, I-I'm—)
I'm just swervin' the muhfuckin' jakes on the side, the muhfucker told me to stop (Hey, hey, I-I'm working on dying)
I, I don't even be understanding all this shit and it mix better muhfucking high (BNYX)
Loud, loud, I used to be shippin' the pound (Hey, hey)
I bought the muhfuckin' crib, lil' bitch, yeah, look at me now (Hey, hey)
Yeah, look at these muhfuckin' diamonds, listen the way that they sound (Hey, hey)
Yeah, new watch every day of the week, lil' Rollie bitch, with the AP (Hey, hey, hey, hey)

(Pull up lil' bitch like—, I-I'm—)
Pull up lil' bitch like, ""Yeah,"" huh
I bought a Urus today, uh-huh
Paint it all yellow, look like a bird (I-I'm—)
Inside big body, two times two, my money, bitch, all I got (I-I'm working on dying)
Yeah, I make money, my thot-thot-thot 'bout to fold that money all up (BNYX, ooh)
Yeah, I'm swervin' it daily (Ooh, oh)
Yeah, I'm causin' a madness (Ooh, oh)
Yeah, I'm fuckin' the baddest, uh
Yeah, I bought me the Crowdless (Ooh, oh)
I bought me the gems
Yeah, I never need practice (Ooh, oh)
My money gon' double or triple, yeah, your money subtractin'",ok_ovh_fallback,genius_unavailable: No confident Genius match,2026-03-15T22:40:08Z
Yung Lean,Ginseng Strip 2002,yung lean::ginseng strip 2002,https://genius.com/search?q=Yung%20Lean%20Ginseng%20Strip%202002%20lyrics,"2003
Arizona Iced Out Boys
Yung Leandoer, shawty
Emotional boys, 2001
Emotional shawties in this bitch
Makaveli

Bitches come and go, brah
But you know I stay
Bitches come and go, brah
But you know I stay
Got my balls licked
By a Zooey Deschanel look-alike cocaine addict
Razor blade to your head
Conflict, I'm a contradicted shit
Peeing on old people's houses is an inflict
2003 shit
This ain't no splitting bills shit
I'ma peel banana skids
While listenin' to R. Kelly's greatest hits

Yung Lean in the club
For some morphine (Morphine)
Yung Lean up in the club
For some morphine (Morphine)

Poppin' pills like zits
While someone vomits on your mosquito tits
Slitting wrists while dark evil spirits like Slytherin
Slither in with tricks, I'm sick
Acid trip makes my spitting sick
And makes me start hitting chicks
Knitting thick, shitting quick, fitting dick
Like transmitting shit with an AIDS stick
Think you're gay as fuck like a fish stick
Tequila shots and salt licks
Getting balls in your face like a free kick
Yung Lean stays motherfuckin' freaky (Bitch)

Yung Lean in the club
For some morphine (Morphine)
Yung Lean up in the club
For some morphine (Morphine)

Rotten teeth like Gargamel
Cast a spell, you keep on tryin' to yell
Bet your dead body stinks worse than my S'well
Well, Lean expels
Diagrams as if they were made in Excel
Fuck fat hoes like Adele
Get my dick stuck inside a lamp shell
Get it out with sperm cells and hair gel
Swim in Mexico, mademoiselle
Point and laugh while he fell
Who's laughing now, now that I'm explosive like Alfred Nobel
Yung Lean only attracts an older clientele
Very well (Bitch)",ok_ovh_fallback,genius_unavailable: No confident Genius match,2026-03-15T22:40:35Z
Yung Lean,Kyoto,yung lean::kyoto,https://genius.com/search?q=Yung%20Lean%20Kyoto%20lyrics,"[Intro/Hook: Yung Lean]
Do me, I'mma do me
I'mma make her mine, I'mma make her mine
I said fuck the shine, I said fuck the shine
Bitch, I grind, bitch, I grind
Yung Lean swerving in see me fucked up
See me swervin' through, they want me locked up
Been locked up, in my own mind
My thoughts will never be shut out

I got an empire of emotional
Squad see me crusin', crusin' in my go kart
I'm War ho, I'm Warhol
I'm Wario when I'm in Mario Kart
Topping the charts
Ace in my cards
Choppa my locka when I'm writing these bars
Koka Kola Veins, I'm insane
Trip through memory lane
Out in Narashino and I see my own white shadow
A tad too close
Rad with a bad diagnose
Coke-filled nose
Too weird for them other fuck boys
Catch Lean and sad boys
Out in Europe, sippin' cristal
I'm smoking loud with my lost boys
All this money don't make me sad though
Rubber bands in my pants bur
Don't close your eyes
And lean back though
Ya'll ain't ready for the lean attack though
Lean, lean, lean
Yunging with my Team
Pumping RZA eating pizza
Man I'm living my dreams

[Hook x2]

My life I've comprehended, it's not a lie
I'm dependent on my team
When I send it, I spit fire I'm an element
I'm everything
You're irrelevant
Take it easy
Yeah we getting it
BBC pants yeah I'm getting rich
All this love I'm melting it
Don't let me down I'm not meant for it
If you ask me, I might come for it
I'll take back to the rain forest
My heart and soul, yeah you tore it
I don't want to be here, but my lives more of it
There's more of it
S-A-D B-O-Y-S
See me in the club with it tatted on my chest
S-A-D B-O-Y-S
See me in the cut with it tatted on my chest
See me on the bus, blowing sesh
Nothing less, we the best
Fuck the rest
Water in my lungs
Finna quest
I won't hit the earth
Fire, water, dirt
Too turnt, too burnt
Make mistakes, I guess I'll never learn
See, see that's my firm
Nike, Nike on my shirt
Bubbles bubbles, blowing bubbles
But I guess they'll never burst
Empire of my state of mind
I'mma do me, I'mma make it mine
I say fuck the shine
I say fuck the shine
Bitch I grind, bitch I grind
I'm hard to find

[Hook/Outro x3]",ok_ovh_fallback,genius_unavailable: No confident Genius match,2026-03-15T22:40:40Z
